record_id,epoch_idx,consensus_stage,y_stage,agreement_frac,disagreement,ambiguous,n_scorers,ref_scorer_id,ref_scorer_stage,ref_scorer_y,EMG chin_mean,EMG chin_std,EMG chin_rms,EMG chin_delta_relpow,EMG chin_theta_relpow,EMG chin_alpha_relpow,EMG chin_sigma_relpow,EMG chin_beta_relpow
SN1,0,W,0,1.0,0.0,0,12,1,W,0,-4.026544542472192e-05,0.0005693054170019411,0.0005707275741744087,0.8985813745958865,0.06523528536390767,0.010933853802010918,0.009107737972764702,0.00825734940628147
SN1,1,N1,1,0.5833333333333334,0.41666666666666663,1,12,1,W,0,-1.4199025708537747e-05,0.0003633406942467613,0.00036361803094289783,0.9581728471591512,0.028045067361308334,0.003776600777032379,0.0017193958878186965,0.0027476723531248866
SN1,2,N1,1,0.5833333333333334,0.41666666666666663,1,12,1,W,0,2.55176416444141e-06,0.0003893224826489704,0.0003893308451642494,0.9300355866802066,0.042781955355285645,0.008706517528065479,0.005917252164810564,0.005318220652988661
SN1,3,N1,1,0.5,0.5,1,12,1,W,0,7.364189486155582e-08,9.625199567458552e-05,9.62520238460943e-05,0.8586043072827315,0.07977584862442064,0.036252580595992526,0.004102669933797817,0.008704675525946092
SN1,4,N1,1,0.4166666666666667,0.5833333333333333,1,12,1,N1,1,-2.1003146336324534e-07,9.150134777667873e-06,9.152544982959089e-06,0.49664034366089344,0.15383940557171805,0.11148832863183081,0.05994458325100057,0.12872559555824706
SN1,5,N1,1,0.75,0.25,1,12,1,N1,1,-2.2575704529023987e-07,4.0155342118385126e-05,4.015597672685913e-05,0.5566093287582405,0.3376795391634092,0.02674061386004764,0.0045821886085322065,0.030479043717116336
SN1,6,N1,1,0.5833333333333334,0.41666666666666663,1,12,1,N1,1,-3.4906924636304167e-06,0.00017512501335575418,0.0001751597991456051,0.9506739797453116,0.0316454012876775,0.008638815213497927,0.0014390231080320785,0.0024654789677091655
SN1,7,N1,1,0.5,0.5,1,12,1,N1,1,-2.3216808601502026e-07,1.3789830927536648e-05,1.3791785200988672e-05,0.7814999198467666,0.05795129829513967,0.04555049374097552,0.028600727098112785,0.06883630806621281
SN1,8,N1,1,0.75,0.25,1,12,1,N1,1,-2.3357229366482052e-06,0.00010827339680861788,0.00010829858751670405,0.8888702240545898,0.08589203321817832,0.009451300754504816,0.0013549721085441915,0.0017383316947721878
SN1,9,N1,1,0.6666666666666666,0.33333333333333337,1,12,1,N1,1,8.691036606070853e-08,2.5569932396093902e-05,2.5570080096717362e-05,0.27373976888534807,0.17348885975838615,0.17619226721410583,0.12558586890217105,0.18355104186312365
SN1,10,N1,1,0.8333333333333334,0.16666666666666663,0,12,1,N1,1,-8.012019687806174e-07,1.8027600122545843e-05,1.804539527894008e-05,0.6848197435492286,0.07456749659824817,0.05432424625641107,0.04258077915064424,0.1249941086806692
SN1,11,N1,1,0.6666666666666666,0.33333333333333337,1,12,1,N1,1,-4.808275144246291e-07,3.797022371940142e-05,3.7973268023703496e-05,0.9001814935037916,0.042596869127454515,0.014933881531289094,0.006260019808781915,0.02865616385152029
SN1,12,N1,1,0.75,0.25,1,12,1,N1,1,-4.5633292486751524e-07,8.337247612594792e-06,8.349726791460645e-06,0.44339187108764294,0.14534400452038215,0.1582088502433027,0.07144340570486975,0.13767604358275612
SN1,13,N1,1,0.5,0.5,1,12,1,N1,1,-4.820209838711799e-07,7.241884473441501e-06,7.2579084422142726e-06,0.35204747880035586,0.18515871204028234,0.15224132890425363,0.07716789957971644,0.17546088724573441
SN1,14,N1,1,0.9166666666666666,0.08333333333333337,0,12,1,N1,1,-5.686515829444232e-07,0.00010562743521309229,0.0001056289658868191,0.8910752108033397,0.06676030043692886,0.0143156778774229,0.00691421540127557,0.007523219247311557
SN1,15,N1,1,0.9166666666666666,0.08333333333333337,0,12,1,N1,1,-5.433134413529678e-07,7.394408820179631e-06,7.414342269918831e-06,0.343759270030252,0.17348922918765589,0.17283054346973717,0.07778129174400641,0.18025017835636326
SN1,16,N1,1,0.5833333333333334,0.41666666666666663,1,12,1,W,0,-5.097299765304404e-07,1.149569854745994e-05,1.1506993949031446e-05,0.644696245129021,0.07646159046886979,0.06661918664698734,0.043893660033587335,0.1390242165494436
SN1,17,W,0,1.0,0.0,0,12,1,W,0,-5.621461657872739e-07,7.011196246794715e-06,7.033696121014728e-06,0.3446433029356934,0.1700652809095223,0.16646139537650553,0.06647274545407221,0.19236129045386663
SN1,18,N1,1,0.6666666666666666,0.33333333333333337,1,12,1,N1,1,-5.544093074395562e-07,6.9520536380005985e-06,6.974124996428797e-06,0.27888335857165086,0.179251908660459,0.15201095313717736,0.10099648718456591,0.22993116821276455
SN1,19,N1,1,0.8333333333333334,0.16666666666666663,0,12,1,N1,1,-6.753615751344961e-07,1.6357506821246097e-05,1.637144290110926e-05,0.7558418558500769,0.06503216719782959,0.05001859235727358,0.037066273950168364,0.07264562218355754
SN1,20,N1,1,0.75,0.25,1,12,1,N1,1,-4.925646560967393e-07,5.917459521488163e-05,5.917664521401604e-05,0.5588282948777897,0.15032639891885527,0.05325600120135293,0.07876894195288876,0.13190663319888904
SN1,21,N1,1,0.75,0.25,1,12,1,N2,2,-7.188821234158549e-07,2.8296649440113613e-05,2.8305779640279278e-05,0.8778608094105365,0.04328952071745548,0.01993926384128588,0.011479627860305758,0.03548788414511646
SN1,22,N1,1,0.6666666666666666,0.33333333333333337,1,12,1,N2,2,-6.548049004101585e-07,8.068027223083787e-06,8.094555746303946e-06,0.3002866476674907,0.1907305997110667,0.1861886697042576,0.07816593342693041,0.18980094830107802
SN1,23,N1,1,0.6666666666666666,0.33333333333333337,1,12,1,N2,2,-4.862661036679464e-07,8.691215645426236e-06,8.70480810350683e-06,0.2775708741677598,0.19997785474392568,0.17560644515583596,0.10062375356602346,0.20418200599232364
SN1,24,N1,1,0.5833333333333334,0.41666666666666663,1,12,1,N2,2,-8.081458176717642e-07,8.775202416371404e-06,8.812336643076618e-06,0.26495943410807177,0.20595339424808023,0.18222243390159554,0.08286473870655445,0.21826536271616367
SN1,25,N2,2,0.5,0.5,1,12,1,N2,2,-6.005485541428013e-07,9.281528974007114e-06,9.300937515176442e-06,0.32132636421292926,0.21643286089484767,0.13968044904332458,0.10651490516867393,0.17110495838151782
SN1,26,N2,2,0.8333333333333334,0.16666666666666663,0,12,1,N2,2,-6.947429329785802e-07,9.705012870662162e-06,9.729848023614854e-06,0.35552669492587213,0.1932074093356955,0.141107530490961,0.1142349829632486,0.1467922889956797
SN1,27,N2,2,0.6666666666666666,0.33333333333333337,1,12,1,N2,2,-6.557494312254295e-07,1.1383404321884637e-05,1.1402276144351807e-05,0.40289713802324834,0.19644342308493473,0.13803347209191902,0.09051919367493898,0.13001354902986265
SN1,28,N2,2,0.6666666666666666,0.33333333333333337,1,12,1,N2,2,-6.2677889026276e-07,1.1940841359240386e-05,1.1957279964265484e-05,0.5989558005484427,0.1433311037640931,0.09832504337605512,0.055933333652687774,0.07795514033665325
SN1,29,N2,2,0.8333333333333334,0.16666666666666663,0,12,1,N2,2,-7.654535523802308e-07,1.2953334256638863e-05,1.2975931084321671e-05,0.5230893985797828,0.14985587759617477,0.11371180294819559,0.09090411230058469,0.08621555168164562
SN1,30,N2,2,0.9166666666666666,0.08333333333333337,0,12,1,N2,2,-6.194786781749738e-07,1.1021777776088866e-05,1.1039172939047555e-05,0.42472010474975486,0.1977909502629744,0.13424287792040837,0.08749835591012199,0.11606337634224659
SN1,31,N2,2,0.9166666666666666,0.08333333333333337,0,12,1,N2,2,-6.824724203289102e-07,1.092146712884058e-05,1.0942769889331262e-05,0.508753550653272,0.16826206278300646,0.10926213475753001,0.0700754148978328,0.10535393982561679
SN1,32,N2,2,0.9166666666666666,0.08333333333333337,0,12,1,N2,2,-7.850775197120691e-07,1.3147109514580208e-05,1.3170529044056001e-05,0.5708525635022563,0.14786994634659753,0.11267744630549979,0.07111828957585603,0.07095061163388654
SN1,33,N2,2,0.6666666666666666,0.33333333333333337,1,12,1,N2,2,-6.590485561446639e-07,1.166875358299987e-05,1.1687350220650046e-05,0.5280528602598576,0.16862335180144442,0.10814251080045388,0.06902359062107408,0.08597265191834016
SN1,34,N1,1,0.75,0.25,1,12,1,N2,2,-7.072136515799618e-07,1.1953228544351417e-05,1.1974131441673695e-05,0.505180406262085,0.1699521593381065,0.1260105688070212,0.08933547553899615,0.07778093370390214
SN1,35,N2,2,0.75,0.25,1,12,1,N2,2,-6.442893065161969e-07,1.1753679222928973e-05,1.1771324648738703e-05,0.5061909184219128,0.18448432348597682,0.12493600002921618,0.07093036578217689,0.07312929593083752
SN1,36,N2,2,0.9166666666666666,0.08333333333333337,0,12,1,N2,2,-7.44781649929191e-07,3.208498595624801e-05,3.209362901759013e-05,0.83765835996847,0.05958802662641476,0.02842819344971084,0.014493075164033803,0.04787204954422104
SN1,37,N2,2,1.0,0.0,0,12,1,N2,2,-6.999881269642491e-07,1.0112654952333896e-05,1.013685225120965e-05,0.4283487978813131,0.21110118843664402,0.12315126541306215,0.07080022165262412,0.13634200067832306
SN1,38,N2,2,1.0,0.0,0,12,1,N2,2,-7.46245428032786e-07,1.257627107764979e-05,1.2598391820283667e-05,0.5970689484672128,0.13735265177093298,0.10814260289743649,0.06242133986578469,0.06327163498460409
SN1,39,N2,2,0.9166666666666666,0.08333333333333337,0,12,1,N2,2,-7.111710941356381e-07,9.740416466899481e-06,9.76634410994107e-06,0.3988148013897907,0.22604094657691734,0.1257005127575939,0.0996708156543821,0.10401748602818833
SN1,40,N2,2,1.0,0.0,0,12,1,N2,2,-7.580237868079313e-07,1.422234505166689e-05,1.4242531335055586e-05,0.6490697912363638,0.1083384612568353,0.08554564085881546,0.08485809330718684,0.03728856465240557
SN1,41,N2,2,1.0,0.0,0,12,1,N2,2,-8.302333839614051e-07,1.3927722329647433e-05,1.3952445547774186e-05,0.5671186836153155,0.12019878878065847,0.11921207674684961,0.12840596589326678,0.03223301487798509
SN1,42,N2,2,0.6666666666666666,0.33333333333333337,1,12,1,N2,2,-6.084459850689181e-07,1.2099103525278479e-05,1.2114392788421244e-05,0.5663444906779539,0.15737327539534995,0.10679088156465162,0.08292202615083202,0.052224786704155035
SN1,43,N2,2,0.9166666666666666,0.08333333333333337,0,12,1,N2,2,-8.4891831243364e-07,1.4109944743933727e-05,1.4135459064991423e-05,0.5692687274235979,0.15887144810002043,0.0883618632920344,0.1248937657558312,0.02795683381239198
SN1,44,N2,2,0.8333333333333334,0.16666666666666663,0,12,1,N2,2,-7.585389969481422e-07,1.1641570553155839e-05,1.1666256741302936e-05,0.47024729787915964,0.15963209541216533,0.14346772700234894,0.15414603727025541,0.03375838024612241
SN1,45,N2,2,0.9166666666666666,0.08333333333333337,0,12,1,N2,2,-6.735189074502583e-07,1.443211504876785e-05,1.4447822413760646e-05,0.56767520152721,0.16833699072994524,0.1218780859300168,0.07467131866670572,0.03351425399927239
SN1,46,N1,1,0.8333333333333334,0.16666666666666663,0,12,1,N2,2,-7.779784024704799e-07,2.126767026226113e-05,2.1281894858752052e-05,0.7578441614497199,0.08671628447055002,0.06399466844131405,0.05243124343792697,0.0226568791060208
SN1,47,N2,2,1.0,0.0,0,12,1,N2,2,-7.119192809292328e-07,1.4127908551107124e-05,1.4145834337040873e-05,0.6589988544151743,0.1463869718793057,0.07566776177950305,0.05583414380022832,0.039066617868437445
SN1,48,N2,2,1.0,0.0,0,12,1,N2,2,-7.914829798051342e-07,1.3169804803259633e-05,1.3193566760481476e-05,0.49179580965348946,0.17948640015401837,0.14328677314790456,0.09922991022755516,0.035813615033029274
SN1,49,N2,2,1.0,0.0,0,12,1,N2,2,-6.826442087775025e-07,1.8796810144898027e-05,1.8809201863426286e-05,0.7581101440192535,0.07194366064304258,0.08367462980540791,0.038044414797174436,0.029776054920846267
SN1,50,N2,2,1.0,0.0,0,12,1,N2,2,-7.678729899605923e-07,1.3431386505859079e-05,1.3453318267196548e-05,0.5383770429452085,0.15923942777155975,0.10628092737537699,0.12386234309206216,0.036940851343403316
SN1,51,N2,2,1.0,0.0,0,12,1,N2,2,-7.999320826997065e-07,1.410796496935522e-05,1.4130625142345484e-05,0.616222664723897,0.14036778261946606,0.1011687446204774,0.08557967577505506,0.026146981836390006
SN1,52,N2,2,1.0,0.0,0,12,1,N2,2,-6.905499226949493e-07,1.5130466292902262e-05,1.5146216340604194e-05,0.56730010067004,0.14001407791996373,0.12276092743379784,0.10434532807290113,0.03113833914521555
SN1,53,N2,2,1.0,0.0,0,12,1,N2,2,-7.8895544786597e-07,1.2142807144137924e-05,1.2168410579794075e-05,0.559441646310174,0.19511630498198612,0.10353576187292385,0.0672435830778158,0.03807927292725966
SN1,54,N2,2,1.0,0.0,0,12,1,N2,2,-7.346054341015749e-07,1.4291296846352696e-05,1.4310164593546158e-05,0.6117640588152331,0.15128144371101346,0.10815655927439745,0.05391297913156624,0.03136592026454924
SN1,55,N2,2,1.0,0.0,0,12,1,N2,2,-7.446938330640445e-07,1.3831195429013994e-05,1.3851228678372947e-05,0.47203952369548674,0.16610676631317936,0.1535415839189368,0.14219694454095208,0.031643247073003575
SN1,56,N2,2,0.75,0.25,1,12,1,N2,2,-7.58051871353845e-07,1.4508015753955551e-05,1.4527806570734811e-05,0.629297991590917,0.16533899691716233,0.09768742478318183,0.05724072847913753,0.02372412841876915
SN1,57,N2,2,0.5833333333333334,0.41666666666666663,1,12,1,N2,2,-7.61724887522398e-07,1.4333813360827472e-05,1.4354038813773188e-05,0.6017334093539565,0.14420332546630676,0.10876712674437854,0.09496240304599372,0.02099877872789385
SN1,58,N2,2,0.9166666666666666,0.08333333333333337,0,12,1,N2,2,-7.378139464017504e-07,1.4399136105295546e-05,1.4418026563934842e-05,0.5791109549418068,0.16335602136635777,0.13012125092583407,0.0716584269949091,0.02507739014357486
SN1,59,N2,2,1.0,0.0,0,12,1,N2,2,-6.554365826966877e-07,2.2237938389569016e-05,2.2247595396631167e-05,0.633732686914045,0.10806398644184667,0.10345846688883423,0.05364474079924411,0.07897601204811543
SN1,60,N2,2,0.9166666666666666,0.08333333333333337,0,12,1,N2,2,-8.324728191443701e-07,1.1405004398466714e-05,1.1435345920594588e-05,0.5282218144138052,0.17629967906430555,0.12282214105487428,0.057283111024739826,0.07592113837317464
SN1,61,N2,2,0.9166666666666666,0.08333333333333337,0,12,1,N2,2,-8.206432807532298e-07,1.5067128572385113e-05,1.5089460520874472e-05,0.6374307568729063,0.10269610001287503,0.08565931331089527,0.120467247471661,0.021460707927893594
SN1,62,N2,2,0.8333333333333334,0.16666666666666663,0,12,1,N2,2,-8.055678377136701e-07,1.132175904311796e-05,1.1350381816114468e-05,0.543831750631355,0.1570887778777672,0.1455209945229496,0.08343827517557556,0.0329944436980734
SN1,63,N2,2,0.5833333333333334,0.41666666666666663,1,12,1,N2,2,-7.29726502178904e-07,1.4039155352846136e-05,1.405810740424651e-05,0.6461308290551598,0.13408253069342066,0.0989559925507935,0.06382958827740386,0.02039922333253008
SN1,64,N2,2,0.5833333333333334,0.41666666666666663,1,12,1,N2,2,-8.289527715321865e-07,1.413490875197119e-05,1.4159195179245981e-05,0.5916107597251781,0.14500828495939128,0.10940700574948309,0.09011572942753227,0.020936648499065805
SN1,65,N3,3,0.5833333333333334,0.41666666666666663,1,12,1,N2,2,-7.354175881154586e-07,1.3899602165818252e-05,1.3919043767332904e-05,0.6911473633404265,0.11740656248513334,0.10044970358028654,0.05257074561455982,0.02023266457704394
SN1,66,N3,3,0.5833333333333334,0.41666666666666663,1,12,1,N2,2,-8.283997525678413e-07,1.7727590769270927e-05,1.7746935527938174e-05,0.7836844584374141,0.09147665499880937,0.05463244319139108,0.03712942179839275,0.013003652614279614
SN1,67,N3,3,0.75,0.25,1,12,1,N2,2,-8.079606543779424e-07,1.4980242410172672e-05,1.5002015300837377e-05,0.6056259527126553,0.13853607627541514,0.1220537185904796,0.08291422369644233,0.019428426377060052
SN1,68,N3,3,0.8333333333333334,0.16666666666666663,0,12,1,N2,2,-8.08983858240061e-07,1.3591667015007603e-05,1.361572132241765e-05,0.5327593800693855,0.1911983867514872,0.1238920599716571,0.08819364216495887,0.020893136118151325
SN1,69,N3,3,0.8333333333333334,0.16666666666666663,0,12,1,N2,2,-8.686784216994321e-07,1.598239267994511e-05,1.600598256828644e-05,0.7012827123193414,0.10927028780190665,0.08497930246329345,0.05848527349666824,0.01166601683451014
SN1,70,N3,3,0.8333333333333334,0.16666666666666663,0,12,1,N2,2,-7.287830698015597e-07,1.681317716778812e-05,1.6828964651405656e-05,0.6979535721228941,0.11597692853245958,0.0881675186491215,0.058923574026005926,0.012391302405818344
SN1,71,N3,3,0.9166666666666666,0.08333333333333337,0,12,1,N3,3,-9.858112671969248e-07,1.5051770862884254e-05,1.5084019025554952e-05,0.7406095726817159,0.10262188712780015,0.08055056372509832,0.03911175142359728,0.013073204759684234
SN1,72,N3,3,0.9166666666666666,0.08333333333333337,0,12,1,N3,3,-7.853844506615041e-07,1.746251787863576e-05,1.7480170462470164e-05,0.6461599373065661,0.1416806171131894,0.11331842634286969,0.049547994395503774,0.013840688909205378
SN1,73,N3,3,0.8333333333333334,0.16666666666666663,0,12,1,N3,3,-8.563541429555289e-07,1.5889957064578894e-05,1.5913015991078428e-05,0.7777032406174098,0.09903722517756221,0.062304516757944975,0.028256439560755475,0.011329468492271955
SN1,74,N3,3,0.9166666666666666,0.08333333333333337,0,12,1,N3,3,-7.884784548827634e-07,1.8131876010482452e-05,1.8149011706793384e-05,0.7559198637973171,0.09834038054192412,0.07793451958882738,0.03604136219759009,0.010602717318062253
SN1,75,N3,3,0.9166666666666666,0.08333333333333337,0,12,1,N3,3,-1.0894381038183373e-06,1.789437899976601e-05,1.792751168370329e-05,0.7316930288405004,0.10330706981844019,0.08727446292717272,0.03947550317453503,0.01136408361022656
SN1,76,N3,3,0.9166666666666666,0.08333333333333337,0,12,1,N3,3,-6.45564432223846e-07,1.5946301014225257e-05,1.595936306600091e-05,0.7637323218740893,0.10548815419151608,0.0645645487022822,0.03121942346521054,0.016447363495601636
SN1,77,N3,3,1.0,0.0,0,12,1,N3,3,-9.220763506646985e-07,1.6899323058608624e-05,1.6924459951078976e-05,0.7448630069683764,0.10720164264587995,0.07832137890153508,0.03919978615306949,0.01225503874324264
SN1,78,N3,3,0.9166666666666666,0.08333333333333337,0,12,1,N3,3,-8.724699273682657e-07,1.5699255932753655e-05,1.5723480550319093e-05,0.690668998576812,0.10986469694896185,0.10408541488892771,0.052520925004087254,0.012326876056950502
SN1,79,N3,3,0.8333333333333334,0.16666666666666663,0,12,1,N3,3,-7.651243669671989e-07,1.6091901985444138e-05,1.611008146491097e-05,0.7577268217436709,0.09945486338629064,0.07388285595235987,0.03498529409782957,0.013799810485809649
SN1,80,N3,3,1.0,0.0,0,12,1,N3,3,-8.970409617038677e-07,1.6470964886000244e-05,1.6495374101936204e-05,0.7793360142499826,0.09358392769402746,0.06824702492643721,0.028193864255190004,0.011472589956598061
SN1,81,N3,3,1.0,0.0,0,12,1,N3,3,-8.900956992202885e-07,1.4318285721335759e-05,1.434592542680945e-05,0.7416241539645679,0.11806513117664999,0.07007649738248556,0.02636595752337188,0.017310591833870858
SN1,82,N3,3,0.5,0.5,1,12,1,N3,3,-7.872795500517586e-07,1.5908407247910414e-05,1.5927875886485877e-05,0.7008858391048278,0.12054335189507233,0.07366353403140752,0.0638182012658127,0.013330866814121994
SN1,83,N3,3,1.0,0.0,0,12,1,N3,3,-8.971483980195029e-07,1.4888102071787048e-05,1.491510839880216e-05,0.6721263738626494,0.13060187022105982,0.09960638769168993,0.05644104630269735,0.014575451554176068
SN1,84,N3,3,1.0,0.0,0,12,1,N3,3,-9.924701465998405e-07,1.6370731377789516e-05,1.640078787240522e-05,0.7393058289548723,0.12542099596512246,0.07444963073758092,0.025163435505394627,0.01383301258716054
SN1,85,N3,3,0.9166666666666666,0.08333333333333337,0,12,1,N3,3,-7.15975547408411e-07,1.4069007738036554e-05,1.408721405095483e-05,0.661932126034508,0.14618622636196707,0.10296716406228439,0.04457860573969186,0.0164944188471872
SN1,86,N3,3,1.0,0.0,0,12,1,N3,3,-8.933336967123057e-07,1.6662041564310618e-05,1.6685972377554036e-05,0.7730887442607801,0.08798250150930187,0.07347622767219904,0.035729343108383146,0.008738064659327189
SN1,87,N3,3,1.0,0.0,0,12,1,N3,3,-1.0124932611569159e-06,1.7052429368648734e-05,1.7082461473003297e-05,0.7605920416374656,0.1065696922164724,0.06465598243920026,0.03916374572805886,0.008675095875182346
SN1,88,N3,3,1.0,0.0,0,12,1,N3,3,-4.7640719071257466e-07,2.7641395691396067e-05,2.7645500892183013e-05,0.7882106283709358,0.09940408522163358,0.054021861573115455,0.026211191764438615,0.013344731849417101
SN1,89,N3,3,1.0,0.0,0,12,1,N3,3,-1.071132427231604e-06,1.639627536194765e-05,1.6431225469254526e-05,0.6839357201454194,0.13332752646503127,0.11508403234606816,0.03294865406426594,0.01351910501427333
SN1,90,N3,3,1.0,0.0,0,12,1,N3,3,-8.477208530182263e-07,1.6518162246785336e-05,1.6539900684579892e-05,0.7758123056707387,0.09358850479340891,0.05891795493826716,0.03795807108079463,0.01250915943003549
SN1,91,N3,3,1.0,0.0,0,12,1,N3,3,-9.545828897017037e-07,1.6173974377694394e-05,1.620211948059963e-05,0.7682883455802356,0.10010088724103365,0.06859387289707225,0.0306117179568386,0.011485760727377942
SN1,92,N3,3,1.0,0.0,0,12,1,N3,3,-8.188160989482489e-07,1.6168996928882855e-05,1.6189716535199745e-05,0.7248988977059608,0.11890769081883805,0.08787141218630064,0.03431475603657819,0.012003787144572207
SN1,93,N3,3,1.0,0.0,0,12,1,N3,3,-8.230398270065552e-07,1.7001295770675498e-05,1.702120596311635e-05,0.7521952009825232,0.12083683297474196,0.05912926019572278,0.033338746953368074,0.010483302171257957
SN1,94,N3,3,1.0,0.0,0,12,1,N3,3,-9.80351436325882e-07,1.6449790403785152e-05,1.6478977312538793e-05,0.7489701726927942,0.11448905025673235,0.06935986536005177,0.031927129964915715,0.009702358670564024
SN1,95,N3,3,1.0,0.0,0,12,1,N3,3,-7.885333902694354e-07,1.4668632091299621e-05,1.468981117433015e-05,0.7452634443557158,0.10356256261841576,0.07971868466332122,0.03327156109173807,0.014150393695763184
SN1,96,N3,3,1.0,0.0,0,12,1,N3,3,-9.58935411528822e-07,1.756646382548256e-05,1.759261801027554e-05,0.7232199997128365,0.10543571431176967,0.08680871632536122,0.04139852305728769,0.011479873463458126
SN1,97,N3,3,1.0,0.0,0,12,1,N3,3,-7.493431164273285e-07,1.686417851064131e-05,1.6880818461938188e-05,0.7723371499784962,0.11021342455198926,0.06965600661212404,0.023583753228342098,0.009464205565775572
SN1,98,N3,3,1.0,0.0,0,12,1,N3,3,-1.0555006895056272e-06,1.5386046311890295e-05,1.5422208104457023e-05,0.7330227126847273,0.12967063760972547,0.06406574335213337,0.038819561029352155,0.012517786284215786
SN1,99,N3,3,1.0,0.0,0,12,1,N3,3,-9.028644097797449e-07,1.687255498651974e-05,1.6896694230398414e-05,0.827816813468707,0.07085428088493878,0.05473842156929377,0.02417598266830736,0.008643925178576635
SN1,100,N3,3,0.9166666666666666,0.08333333333333337,0,12,1,N3,3,-9.392386826576236e-07,1.5372483952955467e-05,1.5401150352713065e-05,0.7413002475123766,0.12064317938104101,0.06668590268118083,0.035702416766971855,0.012658909044608299
SN1,101,N3,3,1.0,0.0,0,12,1,N3,3,-7.68651472098072e-07,1.360781710406268e-05,1.362950884746693e-05,0.7289718946462057,0.09003625132063998,0.09669114157813465,0.04069016653069339,0.01406757256441746
SN1,102,N3,3,1.0,0.0,0,12,1,N3,3,-7.249356053218828e-07,1.7151421587562124e-05,1.7166735103279115e-05,0.7699836104458587,0.10182420997361813,0.06091006330683288,0.032629341493542,0.012656551043499883
SN1,103,N3,3,1.0,0.0,0,12,1,N3,3,-1.0462511765578002e-06,1.5512448916002753e-05,1.5547691561644886e-05,0.7521470520774434,0.12383266885390315,0.05711007428393168,0.029158702590564883,0.012975874128697563
SN1,104,N3,3,1.0,0.0,0,12,1,N3,3,-9.259455751986564e-07,1.5192091531838286e-05,1.522028318790365e-05,0.7325024009980026,0.12143294885465654,0.07194437906458999,0.03737743353978023,0.012665725147378704
SN1,105,N3,3,1.0,0.0,0,12,1,N3,3,-8.299614445893422e-07,1.4239317451662209e-05,1.426348475964821e-05,0.7561614798027488,0.1118479011901758,0.06270480983762063,0.03620085119758151,0.011836026384318798
SN1,106,N3,3,1.0,0.0,0,12,1,N3,3,-8.957979179846954e-07,1.5493942820908922e-05,1.551981694632578e-05,0.7767950330302268,0.08808662433506603,0.06925467905433343,0.031302370088156256,0.010624986553350844
SN1,107,N3,3,1.0,0.0,0,12,1,N3,3,-9.059552310557132e-07,1.7428056983906603e-05,1.7451588039916964e-05,0.7609071653357887,0.11594360256436673,0.062307041146121185,0.03188309683714325,0.008224041373287883
SN1,108,N3,3,1.0,0.0,0,12,1,N3,3,-8.372106731338105e-07,1.614138654583664e-05,1.6163083905410046e-05,0.7951342536197572,0.08967913195869874,0.04708702722214725,0.03606486339558924,0.010365752230087538
SN1,109,N3,3,0.8333333333333334,0.16666666666666663,0,12,1,N3,3,-1.0319472307180102e-06,1.5414125790544815e-05,1.5448630650440363e-05,0.7855106224615562,0.09907861116839084,0.06679677470986124,0.023183950954105685,0.009591067536128503
SN1,110,N3,3,0.9166666666666666,0.08333333333333337,0,12,1,N3,3,-7.565545757663718e-07,1.4569569798501582e-05,1.458919939337051e-05,0.7402507848367925,0.12390497231638556,0.07419876345271557,0.02745148790077862,0.01269540193121051
SN1,111,N3,3,0.9166666666666666,0.08333333333333337,0,12,1,N3,3,-1.0277237502508845e-06,4.0915243545972815e-05,4.092814887743031e-05,0.9253119084291245,0.041753070461272815,0.012777945413105552,0.00707918047379568,0.005470551213627725
SN1,112,N3,3,0.9166666666666666,0.08333333333333337,0,12,1,N3,3,-1.053698426974389e-06,1.4342788121285152e-05,1.438144121661966e-05,0.6823382852621612,0.1472938491153317,0.07662717353735551,0.04821422163600902,0.0198645736200768
SN1,113,N3,3,0.9166666666666666,0.08333333333333337,0,12,1,N3,3,-6.60668254856688e-07,1.4295478775059828e-05,1.4310737086228696e-05,0.6959243764429374,0.14768075257050697,0.07574223299972437,0.03566475055769729,0.016081243832825526
SN1,114,N3,3,0.9166666666666666,0.08333333333333337,0,12,1,N3,3,-1.0623724801554315e-06,1.4516843575711847e-05,1.4555664968948617e-05,0.6846555231927016,0.14223568872688153,0.07922463546894379,0.051383852467350374,0.014809901871948626
SN1,115,N3,3,0.9166666666666666,0.08333333333333337,0,12,1,N3,3,-8.608791060063433e-07,1.8483376981752268e-05,1.8503414211564522e-05,0.816499249973526,0.08470029585770895,0.054260545588355906,0.020751171089195098,0.00882719997509607
SN1,116,N3,3,1.0,0.0,0,12,1,N3,3,-9.9531270145113e-07,1.5539888190322168e-05,1.557172990843934e-05,0.7139907875908715,0.12233655316168422,0.07725020233570885,0.04826386623561536,0.014242984479368656
SN1,117,N3,3,1.0,0.0,0,12,1,N3,3,-9.260402425505705e-07,1.6235882480928613e-05,1.6262270151038192e-05,0.734480532846449,0.11746594930247803,0.06863738054527103,0.04289552193335312,0.011363695366226327
SN1,118,N3,3,1.0,0.0,0,12,1,N3,3,-8.268176850119187e-07,1.4486089569492983e-05,1.450966638140319e-05,0.6587635778501011,0.14863641414367923,0.10288243868986395,0.04445337432450852,0.016800833798123485
SN1,119,N3,3,1.0,0.0,0,12,1,N3,3,-9.681256701061659e-07,1.7135646817264562e-05,1.716297349409908e-05,0.81771864149296,0.08052901978286811,0.0479700425106373,0.02495958136875859,0.01023030940950552
SN1,120,N3,3,1.0,0.0,0,12,1,N3,3,-8.119216394457021e-07,1.753129448334494e-05,1.7550085555642198e-05,0.7778909042396293,0.10127027489767208,0.058083680682184384,0.03008771108353796,0.011524864466434005
SN1,121,N3,3,1.0,0.0,0,12,1,N3,3,-1.0704366804918502e-06,1.3416490938874763e-05,1.345912566996278e-05,0.6329007680519249,0.16940763235519532,0.1098128788636115,0.031660784771491944,0.014664470954790908
SN1,122,N3,3,0.8333333333333334,0.16666666666666663,0,12,1,N3,3,-8.088941953305823e-07,1.582884707933334e-05,1.584950187482746e-05,0.7541742425955784,0.10430659363921965,0.07388934370009013,0.03571140902102305,0.011072357171954417
SN1,123,N1,1,0.6666666666666666,0.33333333333333337,1,12,1,N1,1,-1.0599041539599045e-06,1.7078918468621482e-05,1.7111775269486256e-05,0.8074897449673208,0.0831106537382765,0.05854565374135467,0.021833095450322512,0.010784755520767873
SN1,124,N2,2,0.5,0.5,1,12,1,N1,1,-8.024950430824505e-07,1.7129895978202772e-05,1.7148683171550502e-05,0.7828113648718047,0.10045660249389853,0.057810446031030326,0.03106659885425777,0.008952314283152499
SN1,125,N2,2,0.8333333333333334,0.16666666666666663,0,12,1,N2,2,-1.2770627372106705e-06,2.3261853956457525e-05,2.3296882596740937e-05,0.7746355890276554,0.12777172810241477,0.05284859712802902,0.01598332942171481,0.013109898745674734
SN1,126,N2,2,0.8333333333333334,0.16666666666666663,0,12,1,N2,2,-6.341362661309589e-07,2.2782823309323447e-05,2.279164686344263e-05,0.7134072661796752,0.07423601039975362,0.04919031512616494,0.031226981533252093,0.12106584885560218
SN1,127,N2,2,0.8333333333333334,0.16666666666666663,0,12,1,N2,2,-1.0002179954414667e-06,1.2000785803001172e-05,1.2042395771935062e-05,0.46696510825338006,0.21077836188788704,0.12891119682477722,0.06989449135927013,0.08310665047630869
SN1,128,N2,2,1.0,0.0,0,12,1,N2,2,-9.623720550042174e-07,1.3541154682083422e-05,1.3575309576446602e-05,0.6806872702728995,0.11996901000051924,0.08327045558571164,0.051253049427685916,0.03600751032628587
SN1,129,N2,2,0.9166666666666666,0.08333333333333337,0,12,1,N2,2,-9.620041497053556e-07,1.0279022191400594e-05,1.0323940584648682e-05,0.5145955746363918,0.18039034811229207,0.12056833727873338,0.11149692038419443,0.03488647932645406
SN1,130,N2,2,0.8333333333333334,0.16666666666666663,0,12,1,N2,2,-9.54139700890794e-07,1.3054156439379816e-05,1.3088979445037625e-05,0.6568364048910442,0.11407883374974481,0.10195463733525227,0.07798609559647256,0.019305294924588632
SN1,131,N2,2,0.75,0.25,1,12,1,N2,2,-9.95388171913806e-07,1.2349575434416855e-05,1.2389625136505872e-05,0.5958976745714134,0.15831439343648568,0.10393795392842076,0.08692715817141394,0.021566442944454072
SN1,132,N2,2,0.9166666666666666,0.08333333333333337,0,12,1,N2,2,-9.901507359254832e-07,1.300574553874164e-05,1.3043382057516826e-05,0.4404859303144033,0.1879014884696122,0.14212389389824157,0.15130150041268334,0.02281595315513815
SN1,133,N2,2,0.8333333333333334,0.16666666666666663,0,12,1,N2,2,-1.0180469963221589e-06,1.4092575038483346e-05,1.4129299023730955e-05,0.6025122771522256,0.16262605724728527,0.11675637255540468,0.06153790313232832,0.016913384203811287
SN1,134,N2,2,0.8333333333333334,0.16666666666666663,0,12,1,N2,2,-9.98057402427762e-07,1.4418884700788389e-05,1.4453385575468825e-05,0.6741800875918044,0.1536348601307285,0.09277339432991089,0.039080489038032816,0.017688119891320766
SN1,135,N2,2,0.9166666666666666,0.08333333333333337,0,12,1,N2,2,-9.498830176656459e-07,1.3324763839422816e-05,1.3358578110099873e-05,0.6598910273400934,0.16381425560544088,0.08114840056769904,0.05005769691202422,0.021448700323921686
SN1,136,N2,2,0.9166666666666666,0.08333333333333337,0,12,1,N2,2,-1.0662416336420546e-06,1.364025830716063e-05,1.3681868217000786e-05,0.6816184470583442,0.13967356766123215,0.08266029945662054,0.04454393641764589,0.023897851867925157
SN1,137,N2,2,1.0,0.0,0,12,1,N2,2,-1.001427515291551e-06,1.3875305519000281e-05,1.3911396777965277e-05,0.6087856325713701,0.1680703435188922,0.10501764731438443,0.06452218274642764,0.01756638795593929
SN1,138,N2,2,0.8333333333333334,0.16666666666666663,0,12,1,N2,2,-9.989425984477825e-07,1.4624943415161099e-05,1.4659019619730972e-05,0.6057462557529288,0.1745474102331848,0.08254382948650664,0.08486887277160564,0.014872159514377562
SN1,139,N2,2,0.9166666666666666,0.08333333333333337,0,12,1,N2,2,-1.1337651386470057e-06,1.347650344309696e-05,1.3524110634027492e-05,0.6492768219322101,0.1337651784839594,0.11239276347510392,0.05597090407905055,0.017889997383262166
SN1,140,N2,2,0.9166666666666666,0.08333333333333337,0,12,1,N2,2,-1.0280801336069188e-06,1.575257370333102e-05,1.578608650172655e-05,0.6075850964145755,0.14569957494576025,0.11217624815786857,0.0885289444854552,0.01702048127542592
SN1,141,N2,2,1.0,0.0,0,12,1,N2,2,-9.532620934384447e-07,1.5161901153233573e-05,1.5191838440399903e-05,0.6173346918343593,0.17248360113763966,0.10065023796598671,0.05578349363207128,0.014910738050984076
SN1,142,N2,2,0.8333333333333334,0.16666666666666663,0,12,1,N2,2,-9.688413480341447e-07,1.703365960099091e-05,1.7061190256253824e-05,0.7274906698960248,0.11933326339407414,0.0787277324583966,0.030362672449232297,0.012398675534125292
SN1,143,N2,2,0.8333333333333334,0.16666666666666663,0,12,1,N2,2,-9.045407189327202e-07,1.6207178681031836e-05,1.6232400768558547e-05,0.7432597989610766,0.11961423590350823,0.07557868850799666,0.027067608496728176,0.009962829612922846
SN1,144,N2,2,0.8333333333333334,0.16666666666666663,0,12,1,N2,2,-1.0369076364408488e-06,1.3778106983892903e-05,1.3817069497766439e-05,0.6210825183630422,0.17432663124249273,0.0850834787599881,0.059978038828431855,0.020375659214303968
SN1,145,N2,2,0.75,0.25,1,12,1,N2,2,-9.310362717301191e-07,1.561829130147683e-05,1.5646017119927484e-05,0.7238535766067461,0.13997795888916867,0.05740941353904777,0.03950465658491977,0.014251271261652215
SN1,146,N2,2,0.75,0.25,1,12,1,N2,2,-1.0873883196632889e-06,1.377092594073811e-05,1.3813790740525714e-05,0.682463181472236,0.13303915512185285,0.0753739129728579,0.06340747554414403,0.01720387321923805
SN1,147,N2,2,0.75,0.25,1,12,1,N2,2,-8.372576096883754e-07,1.3517482052341196e-05,1.354338662744099e-05,0.6966193007374806,0.14976669535084505,0.059523491677254896,0.04231411325896898,0.016991906983712
SN1,148,N2,2,0.6666666666666666,0.33333333333333337,1,12,1,R,4,-1.163372938245746e-06,1.399421838187704e-05,1.4042492111911893e-05,0.6699669917973334,0.12383795022547583,0.09546358435249382,0.05083474405294227,0.029608184463055163
SN1,149,N2,2,0.5833333333333334,0.41666666666666663,1,12,1,R,4,-1.1058468946892393e-06,1.2053323776577844e-05,1.210394610932776e-05,0.7057019607673852,0.12120218498219286,0.07627299949148096,0.04254947285116897,0.024127516743445793
SN1,150,N2,2,0.6666666666666666,0.33333333333333337,1,12,1,R,4,-9.282646210041092e-07,1.0642604322263722e-05,1.0683009967554759e-05,0.6697686646611036,0.12387030091748491,0.09224506221529967,0.05009953758390319,0.03359548887474924
SN1,151,N2,2,0.75,0.25,1,12,1,R,4,-1.0455881415163386e-06,1.2278010966119714e-05,1.2322451373238831e-05,0.7237495309252414,0.1326352563929936,0.05774656531641373,0.04125661062877236,0.019224744798477984
SN1,152,N2,2,0.5,0.5,1,12,1,R,4,-1.0250129482904958e-06,1.0391118703380947e-05,1.0441551582591378e-05,0.5859282734699158,0.17474402336005163,0.09157253269116769,0.06760349339338441,0.041428969925765266
SN1,153,R,4,0.5,0.5,1,12,1,R,4,-1.014552027755555e-06,1.0397271669304349e-05,1.0446653721759027e-05,0.6968321180267735,0.1305228113303521,0.0640307439765207,0.03765877965167345,0.03372230015151111
SN1,154,R,4,0.75,0.25,1,12,1,R,4,-1.0541382130423781e-06,1.0022278762608615e-05,1.0077563146298406e-05,0.5900455268132899,0.18233956912032662,0.10266416469423353,0.05645972114678393,0.03462453057503762
SN1,155,R,4,0.6666666666666666,0.33333333333333337,1,12,1,R,4,-9.86275047064257e-07,1.0198411523237028e-05,1.0245991219289397e-05,0.5364694938323055,0.2129197053505979,0.107753490264228,0.060684618383222075,0.0413052020929443
SN1,156,R,4,0.6666666666666666,0.33333333333333337,1,12,1,R,4,-1.047234005916586e-06,1.2010185453314865e-05,1.2055756039592211e-05,0.732658923235743,0.11656004407671106,0.059390724205561886,0.04415882555175761,0.02447213759243633
SN1,157,R,4,0.6666666666666666,0.33333333333333337,1,12,1,R,4,-1.1675739533287878e-06,1.0679576842735945e-05,1.0743211367016553e-05,0.6364255360387584,0.17595753923482324,0.078313819054964,0.038079074442663986,0.03478968966694153
SN1,158,R,4,0.5,0.5,1,12,1,R,4,-1.0261666275154174e-06,9.630227039587018e-06,9.684745261565702e-06,0.5062690703885233,0.2181227734413157,0.11109457684160577,0.07058433239616671,0.050652180816024746
SN1,159,R,4,0.6666666666666666,0.33333333333333337,1,12,1,R,4,-1.1247189769238334e-06,9.085650357954394e-06,9.155000557293779e-06,0.5660673868185254,0.17120845685015265,0.10385303457253987,0.06026870539013579,0.05627308319762842
SN1,160,R,4,0.75,0.25,1,12,1,R,4,-1.0515186509660196e-06,9.29069406934857e-06,9.350010040826593e-06,0.5374455377126665,0.20959705981693608,0.09129538547439285,0.06895505338457769,0.0478167744334091
SN1,161,R,4,0.75,0.25,1,12,1,R,4,-1.1142439098380635e-06,9.369266521462672e-06,9.435289854626219e-06,0.5805046135077678,0.16465471950219984,0.11328833248092239,0.053381124110582295,0.043978948777844855
SN1,162,R,4,0.75,0.25,1,12,1,R,4,-1.0118220420965307e-06,9.38139498831184e-06,9.435801808622037e-06,0.5042107259392532,0.1824370425318327,0.12225835873896532,0.10145377080250609,0.05257565202811687
SN1,163,R,4,0.8333333333333334,0.16666666666666663,0,12,1,R,4,-1.0585773138312236e-06,1.0434000343361733e-05,1.0487561637226784e-05,0.660681429871857,0.14588725202588557,0.0746256999638782,0.04974435314030954,0.031833563692393055
SN1,164,R,4,0.9166666666666666,0.08333333333333337,0,12,1,R,4,-1.1007049440676864e-06,1.0901510060134995e-05,1.0956937207318457e-05,0.655369638372709,0.16378770416381838,0.07001012940041024,0.048416912815440076,0.0277755583497223
SN1,165,R,4,0.8333333333333334,0.16666666666666663,0,12,1,R,4,-1.0591361318134109e-06,1.0473063830398338e-05,1.0526482572127814e-05,0.6747066703163004,0.14781679616552829,0.07086870457568928,0.03977445724309908,0.0301073948813328
SN1,166,R,4,1.0,0.0,0,12,1,R,4,-1.0903203763569672e-06,7.84995078400595e-06,7.925309194877814e-06,0.49952904834713174,0.19881846872664316,0.12032720676024646,0.07682931637765203,0.05077066578305223
SN1,167,R,4,1.0,0.0,0,12,1,R,4,-1.0220496681237698e-06,8.114476633248643e-06,8.178588909808962e-06,0.5236857390840098,0.19614741149128584,0.1142744806937917,0.06204085780788715,0.04656168960980548
SN1,168,R,4,1.0,0.0,0,12,1,R,4,-1.2999807130771876e-06,8.350941826680039e-06,8.451519345476695e-06,0.5034759556752877,0.2129737006373811,0.11207212808627826,0.05693683410778553,0.05491759341166414
SN1,169,R,4,1.0,0.0,0,12,1,R,4,-8.26255781490095e-07,7.360769791322412e-06,7.40699875369845e-06,0.4789154723775604,0.23701646181943042,0.12109803215077504,0.06454594687279573,0.0517407386942896
SN1,170,R,4,0.9166666666666666,0.08333333333333337,0,12,1,R,4,-9.605679013349476e-07,8.425273483552905e-06,8.47985400615687e-06,0.5631568713012635,0.15902409773173568,0.11192665806857463,0.052019107786134354,0.04248809632330281
SN1,171,R,4,0.9166666666666666,0.08333333333333337,0,12,1,R,4,-1.1245028473255061e-06,8.218802151277822e-06,8.29537313539856e-06,0.5830433152200974,0.15178127137993366,0.11096962295539477,0.051389819132577744,0.04489886378720505
SN1,172,N1,1,0.6666666666666666,0.33333333333333337,1,12,1,R,4,-9.445192007964948e-07,7.815281790588002e-06,7.872150023149308e-06,0.43418622333420154,0.25334168489726094,0.13649097606577001,0.06360346220239402,0.047799195032996275
SN1,173,N1,1,0.5833333333333334,0.41666666666666663,1,12,1,R,4,-1.1127019269369488e-06,7.007238744737417e-06,7.095033502666383e-06,0.38825039138898565,0.25156688321434084,0.14376098266843693,0.07027582256481565,0.06676739395342067
SN1,174,R,4,0.5,0.5,1,12,1,R,4,-1.0677447082955437e-06,6.707758520263681e-06,6.79220900210404e-06,0.3857943505121668,0.2470594118618986,0.16772111652720542,0.06605075994368019,0.04953585628375218
SN1,175,R,4,0.5833333333333334,0.41666666666666663,1,12,1,R,4,-1.0202165930271503e-06,1.077583567296412e-05,1.0824023112845518e-05,0.6302485733027152,0.1258020552908762,0.07390695027179825,0.039041420034578896,0.09866893192418771
SN1,176,R,4,0.5,0.5,1,12,1,R,4,-1.1059980415964345e-06,7.45130125371116e-06,7.5329358182300106e-06,0.47249733980419667,0.1922210495842033,0.1218800114081404,0.07323126500010614,0.07741687154488877
SN1,177,R,4,0.5833333333333334,0.41666666666666663,1,12,1,R,4,-1.0124691078980645e-06,7.4614461665621624e-06,7.529825535226768e-06,0.4293832485783317,0.24966480250214945,0.15256949062327885,0.06882594363967283,0.04948944465790632
SN1,178,R,4,0.8333333333333334,0.16666666666666663,0,12,1,R,4,-1.124212749019282e-06,6.7823876546506915e-06,6.874928116207151e-06,0.4236120458925926,0.22394459732381422,0.16221024697832648,0.06974620351732622,0.061071465219012376
SN1,179,R,4,0.75,0.25,1,12,1,R,4,-1.0799319271634101e-06,8.25115358173882e-06,8.321525605124833e-06,0.5765988970439867,0.16416967766096277,0.09597047827681078,0.05511232887849806,0.06461607627288848
SN1,180,R,4,0.75,0.25,1,12,1,R,4,-1.1101790987751838e-06,7.901926341096018e-06,7.97953241308439e-06,0.5680033509233494,0.17429648668866815,0.10859541169433909,0.04658780057772091,0.04884409773629905
SN1,181,R,4,0.75,0.25,1,12,1,R,4,-1.0644815301257374e-06,6.9051970323316395e-06,6.986763698830848e-06,0.4911731368913781,0.20059890370251074,0.12883873132091112,0.05951498625657496,0.06122575165946124
SN1,182,R,4,0.8333333333333334,0.16666666666666663,0,12,1,R,4,-1.085236493467389e-06,7.580404734441638e-06,7.65769379021508e-06,0.4406148850270377,0.20662554883698886,0.11261623432267784,0.07595426068821978,0.10048084157863926
SN1,183,R,4,0.9166666666666666,0.08333333333333337,0,12,1,R,4,-1.1324272142804638e-06,7.634463764113577e-06,7.717993804169984e-06,0.51277795594763,0.1824899014574863,0.10492140287458626,0.08674103146637238,0.06515888095534761
SN1,184,R,4,0.8333333333333334,0.16666666666666663,0,12,1,R,4,-1.1073899904032255e-06,9.78577986119116e-06,9.848238425349974e-06,0.6503986654441417,0.13573923255218237,0.08312838179004836,0.04296706431269405,0.043332533962658466
SN1,185,N1,1,0.6666666666666666,0.33333333333333337,1,12,1,N2,2,-1.0031293143888072e-06,1.0803686760520615e-05,1.085015742009463e-05,0.7239109722206036,0.11195937638583499,0.06850306838088008,0.035248257033374406,0.027506612865532035
SN1,186,N2,2,0.4166666666666667,0.5833333333333333,1,12,1,N2,2,-1.1712954972277466e-06,7.677312399316964e-06,7.766148261431274e-06,0.5431278323737491,0.18116292266581743,0.11344647403167328,0.053308181705185954,0.0521889628547802
SN1,187,N2,2,0.5833333333333334,0.41666666666666663,1,12,1,N2,2,-1.180516574820561e-06,1.1827544686730595e-05,1.1886312830311812e-05,0.6545471623029967,0.12165498626988358,0.09808666090734286,0.04976402687045191,0.04441090400600075
SN1,188,N2,2,0.9166666666666666,0.08333333333333337,0,12,1,N2,2,-1.0608980287318391e-06,7.87278721053865e-06,7.943946317151698e-06,0.532939075552498,0.19682526992835875,0.10592306090972786,0.058634525926025166,0.05531274825053233
SN1,189,N2,2,0.75,0.25,1,12,1,N2,2,-1.1020867570138775e-06,1.205784983649683e-05,1.2108110418206962e-05,0.7124989092121655,0.12221134491138423,0.06440137932484317,0.045182585895517956,0.027240650171237727
SN1,190,N2,2,1.0,0.0,0,12,1,N2,2,-1.0762738730465703e-06,1.1130289988804415e-05,1.1182205537579895e-05,0.6417423687230411,0.13438537478039742,0.08190735655909812,0.07078193895184791,0.03353382973444857
SN1,191,N2,2,1.0,0.0,0,12,1,N2,2,-1.137767210611695e-06,1.1640888698499296e-05,1.1696358575060518e-05,0.6840540636816131,0.10910518546570656,0.07409615258370852,0.07550412392930891,0.03256156337042966
SN1,192,N2,2,1.0,0.0,0,12,1,N2,2,-1.151859374308265e-06,9.385463152021518e-06,9.45588169321801e-06,0.5454545526155322,0.16418783512761106,0.10319852424123906,0.08965255621496064,0.052285117579181244
SN1,193,N2,2,0.8333333333333334,0.16666666666666663,0,12,1,N2,2,-1.1631981120946249e-06,1.4850185774360618e-05,1.4895672102359228e-05,0.7518050580639906,0.08105018151779085,0.07205672603094351,0.06185384446834822,0.015420547631179601
SN1,194,N2,2,0.75,0.25,1,12,1,N2,2,-1.116697777660421e-06,1.3757395634828669e-05,1.38026428114269e-05,0.7507854775446243,0.09855474867896694,0.0496348035264741,0.061377573041609505,0.019853661698894225
SN1,195,N2,2,0.9166666666666666,0.08333333333333337,0,12,1,N2,2,-1.156724311004041e-06,1.088614356382459e-05,1.0947425853773447e-05,0.6680448008059429,0.13566821740939594,0.0668986679181493,0.07307351690361656,0.028274664344553106
SN1,196,N2,2,0.9166666666666666,0.08333333333333337,0,12,1,N2,2,-1.1557255280286916e-06,9.062399729110097e-06,9.135797192709126e-06,0.4223482892052348,0.17633640540877762,0.1282842241070834,0.14936633819229492,0.06910181852715061
SN1,197,W,0,1.0,0.0,0,12,1,W,0,-1.1951695548952275e-06,8.068512570805708e-06,8.156551070777292e-06,0.4697984363437997,0.18118311916867422,0.12679716833537186,0.1321358086227523,0.04826955919007155
SN1,198,N1,1,0.75,0.25,1,12,1,N1,1,-1.1365664032417496e-06,9.229213066586599e-06,9.298933111783884e-06,0.4246804591223102,0.18118572478927142,0.12606395386202157,0.18469998245418384,0.044371934961294136
SN1,199,N1,1,0.75,0.25,1,12,1,N2,2,-1.150687544558592e-06,1.4567296890754814e-05,1.4612673284809907e-05,0.52258525045526,0.11412994651376625,0.1075234074254831,0.19986840082617716,0.0245719659282062
SN1,200,N1,1,0.5,0.5,1,12,1,N2,2,-1.2122324298835407e-06,3.6735037196296004e-05,3.675503319652034e-05,0.8429387790286915,0.032122490928981784,0.01902409233731948,0.015341043896059227,0.08293065600395613
SN1,201,N2,2,0.6666666666666666,0.33333333333333337,1,12,1,N2,2,-1.1046480587245755e-06,6.261353308320906e-06,6.358049432433278e-06,0.40551772373946093,0.18872224396965842,0.10994934040243803,0.07661538952893109,0.16975420951511838
SN1,202,N2,2,0.5833333333333334,0.41666666666666663,1,12,1,N2,2,-1.0965345216743604e-06,1.2094737243464238e-05,1.2144342590097849e-05,0.725983589608881,0.07644285035738557,0.07517919016994971,0.04864296995772149,0.04938582915573883
SN1,203,N2,2,0.5833333333333334,0.41666666666666663,1,12,1,N2,2,-1.1616047545285485e-06,9.75410747433723e-06,9.823031010165079e-06,0.5950815579347164,0.11906671026039721,0.1107836540563395,0.07163629413681051,0.07232726867346959
SN1,204,N2,2,0.6666666666666666,0.33333333333333337,1,12,1,N2,2,-1.1915349881387802e-06,1.266979499085555e-05,1.2725700795565927e-05,0.665452645785419,0.10556515391169269,0.1111203340105921,0.057554226448683334,0.03291412432766113
SN1,205,N1,1,0.6666666666666666,0.33333333333333337,1,12,1,N2,2,-1.257370066059015e-06,1.120895890586438e-05,1.127926146679727e-05,0.6559624930709148,0.09265327087498049,0.11475982651745788,0.04727784961049478,0.05783854202092811
